Milvus_IVFPQ,Milvus_HNSW,IVFPQ,HNSW,ACORN,Selectivity
26.209146966196432,70.02154306886399,1.0,1.0,1.0,0.001
37.59624629424373,51.77640212392048,113.799,71.838,142.546,0.01
39.12955838816025,43.78020480141703,179.357,216.909,300.783,0.1
37.02960134220651,59.41575770404325,131.457,554.073,246.978,0.5
