Milvus_IVFPQ,Milvus_HNSW,IVFPQ,HNSW,ACORN,Selectivity
3.9468869877188393,270.54654497529987,1.0,1.0,1.0,0.001
4.54494277996561,206.23968796397185,27.002,1.0,123.434,0.01
6.733836736707604,36.5770248996122,52.806,236.684,233.169,0.1
7.406231959472094,56.3348315266383,65.573,741.009,195.036,0.5
