Milvus_IVFPQ,Milvus_HNSW,IVFPQ,HNSW,ACORN,SeRF,WST_vamana,WST_opt,UNIFY,UNIFY_hybrid,DSG,iRangeGraph,Selectivity
26.504493369591632,43.90630204139625,1.0,1.0,1.0,1.0,3326.1420175562207,2311.99060586245,390.216106,224.543172,1.0,3816.76,0.001
29.773597684655968,39.88733741329855,287.238,114.014,557.607,2415.0,2556.4087948716574,2787.965900211083,1035.937101,1623.645125,1200.8327,4727.47,0.01
25.876494816750792,36.18565337381664,558.098,511.111,981.176,1935.0,1456.2770278394362,2147.6437488280726,4784.086685,5113.930329,779.6644,2678.42,0.1
21.21170692403536,37.621768393144656,347.988,705.389,342.204,1984.0,959.440104567274,2035.2050395671663,4408.900625,4744.855785,701.1644,2642.65,0.5
