Milvus_IVFPQ,Milvus_HNSW,IVFPQ,HNSW,ACORN,Selectivity
71.86744916912934,112.23100323506635,1.0,1.0,1.0,0.001
1.0,115.2723952011595,1.0,107.795,46.796,0.01
1.0,165.09435271221722,81.105,289.897,1.0,0.1
1.0,125.07773551632336,54.079,266.345,139.18,0.5
