Milvus_IVFPQ,Milvus_HNSW,IVFPQ,HNSW,ACORN,SeRF,DSG,WST_vamana,WST_opt,UNIFY,UNIFY_hybrid,iRangeGraph,Selectivity
24.5881907000872,212.73827578406568,100.621,1.0,1.0,1.0,1.0,2598.12861576116,1307.6325161752457,1349.063982,109.408956,5788.42,0.001
16.779318643266098,158.5815773700452,130.054,91.517,161.311,1.0,416.7914,768.8394258677862,583.4525946505671,146.228416,478.546989,1251.86,0.01
16.52582036206114,21.99629104907192,130.588,293.575,345.03,1.0,136.1263,58.80512711127667,132.5385079408354,556.779006,564.190417,544.09,0.1
14.710837735327154,26.693996979327927,32.441,441.297,140.588,135.0,75.3371,18.87666221289537,86.48982361990352,255.73608,775.874027,444.449,0.5
