Milvus_IVFPQ,Milvus_HNSW,IVFPQ,HNSW,ACORN,DiskANN,DiskANN_Stitched,NHQ_kgraph,NHQ_nsw,Selectivity
1,112.23100323506635,1,1,1,1,1997.17,1,1.0,0.001
1,111.37703142364929,1,1,1,1,561.13,1,1.0,0.01
1,150.7861019917616,1,1,1,1,254.55,1,1.0,0.1
1,105.30372264334952,1,1,1,1,145.24,1,51.3029,0.5
