Milvus_IVFPQ,Milvus_HNSW,IVFPQ,HNSW,ACORN,SeRF,DSG,WST_vamana,WST_opt,UNIFY,UNIFY_hybrid,iRangeGraph,Selectivity
12.839439212780242,291.99119993677186,64.293,1.0,1.0,1.0,1.0,3525.987011454172,2703.6695754469933,1970.319666,437.828122,9655.96,0.001
15.377316316690022,171.15646205537735,180.886,456.337,462.865,3586.0,5413.9976,1514.2234446967443,1750.3849086191278,146.688633,1283.426924,5393.87,0.01
33.69428590209841,93.06785653647644,334.709,1056.974,1133.162,2929.0,2549.299,920.7475577042304,966.0679076706866,3298.461097,2084.50168,4352.62,0.1
85.69152222256109,108.14000994888174,378.961,2056.551,594.917,2542.0,1731.3196,584.5724178723086,1028.1284780163628,268.334894,2410.564288,3172.82,0.5
