Milvus_IVFPQ,Milvus_HNSW,IVFPQ,HNSW,ACORN,Selectivity
23.37179100490437,70.02154306886399,1.0,1.0,1.0,0.001
32.88778355123375,51.77640212392048,67.539,1.0,84.351,0.01
39.12955838816025,43.78020480141703,120.893,187.857,171.288,0.1
37.02960134220651,59.41575770404325,76.425,524.137,210.429,0.5
