Milvus_IVFPQ,Milvus_HNSW,IVFPQ,HNSW,ACORN,DiskANN,DiskANN_Stitched,NHQ_kgraph,NHQ_nsw,Selectivity
23.44807973184336,218.6666107232131,1,1.0,1.0,1.0,748.35,1.0,1.0,0.001
59.99907618991367,171.5391739838186,1,1.0,113.154,1.0,470.32,1.0,1.0,0.01
67.0576452632557,170.55289533829037,1,248.772,285.423,1.0,270.53,476.15,542.725,0.1
23.97749795911201,71.10860059017827,1,525.132,187.745,46.64,251.09,1008.76,752.281,0.5
