Milvus_IVFPQ,Milvus_HNSW,IVFPQ,HNSW,ACORN,Selectivity
2.490820493885342,229.8911685075829,1.0,1,1,0.001
3.7435599897154312,184.88757560732225,8.408,1,1,0.01
3.7006540701709616,1.0,9.105,1,1,0.1
3.3189397663698155,1.0,5.518,1,1,0.5
