Milvus_IVFPQ,Milvus_HNSW,IVFPQ,HNSW,ACORN,SeRF,DSG,WST_vamana,WST_opt,UNIFY,UNIFY_hybrid,iRangeGraph,Selectivity
111.2727101414352,141.07964510351408,206.028,110.781,1.0,1.0,829.0794,4224.83647069003,3937.6111304086594,391.274955,555.661481,7287.82,0.001
121.18735281058376,64.8114237761635,342.186,340.332,417.351,4881.0,1979.3083,785.7351118858907,3124.417519754325,72.062727,2958.308089,5657.5,0.01
121.56915811457212,83.88218333705527,458.26,527.986,965.448,3202.0,1284.5494,1501.3146647373153,2692.217039869653,7286.227943,6516.651604,4657.58,0.1
114.55509175061228,81.65755357971923,394.281,545.022,391.166,2378.0,899.947,1092.176590540046,2487.324991060156,952.774457,5612.473293,4143.47,0.5
