Milvus_IVFPQ,Milvus_HNSW,IVFPQ,HNSW,ACORN,Selectivity
22.060081992664987,67.60735215383234,1.0,1.0,1.0,0.001
34.17241594835552,50.876196978657646,55.039,1.0,37.119,0.01
43.321371380016295,36.9858215367975,98.061,186.064,111.635,0.1
42.82466302981008,53.927839987674176,96.564,327.535,181.427,0.5
