Milvus_IVFPQ,Milvus_HNSW,IVFPQ,HNSW,ACORN,Selectivity
3.229926727495215,229.8911685075829,1.0,1.0,1.0,0.001
3.7435599897154312,184.88757560732225,12.396,1.0,46.876,0.01
3.7006540701709616,12.794902644014796,11.1,1.0,134.832,0.1
3.3189397663698155,1.0,5.518,60.855,45.516,0.5
