Milvus_IVFPQ,Milvus_HNSW,IVFPQ,HNSW,ACORN,DiskANN,DiskANN_Stitched,NHQ_kgraph,NHQ_nsw,Selectivity
47.615024523803065,204.04375982622184,3.28,1,1,1,673.66,1,1,0.001
37.87117603053994,1.0,8.286,1,1,1,1.0,1,1,0.01
16.395964224760238,1.0,9.514,1,1,1,1.0,1,1,0.1
7.222006139163578,1.0,5.524,1,1,1,1.0,1,1,0.5
