Milvus_IVFPQ,Milvus_HNSW,IVFPQ,HNSW,ACORN,DiskANN,DiskANN_Stitched,NHQ_kgraph,NHQ_nsw,Selectivity
47.615024523803065,204.04375982622184,4.411,1.0,1.0,1,673.66,1,1,0.001
37.87117603053994,1.0,15.365,1.0,83.28,1,106.22,1,1,0.01
16.395964224760238,51.251610221341686,11.577,1.0,97.58,1,1.0,1,1,0.1
7.222006139163578,1.0,5.524,53.39,44.389,1,1.0,1,1,0.5
