Milvus_IVFPQ,Milvus_HNSW,IVFPQ,HNSW,ACORN,SeRF,DSG,WST_vamana,WST_opt,UNIFY,UNIFY_hybrid,iRangeGraph,Selectivity
1,198.60566954129663,36.673,1,1.0,1,1.0,2585.822397455745,1.0,981.549448,1,1915.42,0.001
1,185.80673568022743,63.26,1,59.471,1,236.5816,374.8861401634508,124.5027216640641,105.992708,1,806.113,0.01
1,1.0,46.225,1,131.591,1,67.2554,1.0,1.0,142.864765,1,225.338,0.1
1,1.0,20.442,1,48.477,1,29.7346,1.0,1.0,38.184107,1,87.4042,0.5
