Milvus_IVFPQ,Milvus_HNSW,IVFPQ,HNSW,ACORN,SeRF,DSG,WST_vamana,WST_opt,UNIFY,UNIFY_hybrid,iRangeGraph,Selectivity
1,100.86133933770545,1,1.0,1.0,1,1.0,194.86868946426983,132.4922155251149,325.112273,1,1976.07,0.001
1,60.1225822353668,1,1.0,1.0,1,284.6871,85.51007956415512,109.9302304474897,36.05486,1,945.218,0.01
1,48.64668254703743,1,123.346,83.862,1,125.4898,47.659143837312186,85.32612925407325,141.095843,1,567.082,0.1
1,76.44710752557108,1,190.765,96.742,1,100.1482,33.36239609968627,80.55157304312327,218.470699,1,440.234,0.5
