Milvus_IVFPQ,Milvus_HNSW,IVFPQ,HNSW,ACORN,SeRF,DSG,WST_vamana,WST_opt,UNIFY,UNIFY_hybrid,iRangeGraph,Selectivity
70.29147931297912,141.07964510351408,114.765,1.0,1.0,1.0,888.689,4224.83647069003,3937.6111304086594,391.274955,367.168502,7107.25,0.001
111.92623535752568,64.8114237761635,186.199,153.02,241.673,2811.0,2629.4422,785.7351118858907,3124.417519754325,72.062727,1382.881615,3167.05,0.01
99.17423993154192,83.88218333705527,262.479,381.374,662.084,1909.0,1598.5506,1400.7582916609558,2692.217039869653,4315.691898,3129.806673,2361.94,0.1
88.85437674045248,81.65755357971923,206.15,537.891,391.166,2490.0,914.2036,894.3794013380601,1907.0116837601763,540.859719,2401.996869,2094.76,0.5
