Milvus_IVFPQ,Milvus_HNSW,IVFPQ,HNSW,ACORN,DiskANN,DiskANN_Stitched,NHQ_kgraph,NHQ_nsw,Selectivity
96.49729353682577,104.87748136194809,200.979,93.385,1.0,1.0,4581.6,1.0,1.0,0.001
102.91670846076931,117.27403278527326,376.682,348.669,224.832,1.0,2873.92,2971.09,1.0,0.01
98.09607402873752,103.70275317776824,421.351,697.117,411.161,240.64,1891.18,6534.84,310.274,0.1
85.17019062334745,96.7394524851588,410.587,751.764,577.525,1932.56,1373.78,6671.69,3815.39,0.5
