Milvus_IVFPQ,Milvus_HNSW,IVFPQ,HNSW,ACORN,Selectivity
1,67.60735215383234,1,1.0,1,0.001
1,50.876196978657646,1,1.0,1,0.01
1,36.9858215367975,1,54.198,1,0.1
1,53.39946768918141,1,140.713,1,0.5
