Milvus_IVFPQ,Milvus_HNSW,IVFPQ,HNSW,ACORN,SeRF,DSG,WST_vamana,WST_opt,UNIFY,UNIFY_hybrid,iRangeGraph,Selectivity
40.47961891446227,43.90630204139625,66.374,1.0,1.0,1.0,1.0,3326.1420175562207,2311.99060586245,390.216106,201.531578,2585.83,0.001
57.63438149936771,39.88733741329855,105.621,62.297,85.779,659.0,998.1815,2121.504645753371,2787.965900211083,65.171343,1383.399668,1832.48,0.01
59.318753356865386,36.18565337381664,82.649,469.964,330.223,637.0,791.1705,622.4993210366323,2147.6437488280726,2715.823172,2630.722999,2103.8,0.1
62.70844477298191,37.621768393144656,41.309,694.86,371.838,683.0,329.1086,450.3288203577851,2035.2050395671663,2027.093715,1564.312393,1716.48,0.5
