Milvus_IVFPQ,Milvus_HNSW,IVFPQ,HNSW,ACORN,SeRF,DSG,WST_vamana,WST_opt,UNIFY,UNIFY_hybrid,iRangeGraph,Selectivity
28.95171352809917,212.73827578406568,143.971,1.0,1.0,1.0,1.0,2598.12861576116,1307.6325161752457,1349.063982,109.408956,6811.55,0.001
16.779318643266098,158.5815773700452,199.911,169.519,429.433,1.0,249.8015,997.9968936802276,764.7786221175962,146.228416,782.157524,3530.03,0.01
16.52582036206114,28.371367834991915,130.588,541.784,471.694,157.0,192.4751,219.2909677230124,652.9528078547426,1528.239985,1528.27178,1667.57,0.1
14.710837735327154,41.46123806606501,32.441,833.547,324.908,570.0,154.6992,105.01616916463011,505.4154034557183,351.358932,1715.027075,1223.06,0.5
