Milvus_IVFPQ,Milvus_HNSW,IVFPQ,HNSW,ACORN,SeRF,DSG,WST_vamana,WST_opt,UNIFY,UNIFY_hybrid,iRangeGraph,Selectivity
1,43.90630204139625,1,1,1.0,1,1,1920.99687473622,1571.865511730311,390.216106,114.652882,1626.94,0.001
1,39.88733741329855,1,1,1.0,1,1,681.8528712695747,932.099371214093,65.171343,265.936681,475.128,0.01
1,36.18565337381664,1,1,56.49,1,1,217.3987072939817,466.7083684247961,576.114077,579.927113,1.0,0.1
1,37.59511583020567,1,1,42.193,1,1,155.29216998209992,432.1310647334355,1.0,1.0,1.0,0.5
