Milvus_IVFPQ,Milvus_HNSW,IVFPQ,HNSW,ACORN,Selectivity
1.0,70.02154306886399,1,1.0,1.0,0.001
18.209786139783173,51.77640212392048,1,1.0,41.674,0.01
1.0,43.78020480141703,1,157.907,105.43,0.1
1.0,59.41575770404325,1,240.958,100.085,0.5
