Milvus_IVFPQ,Milvus_HNSW,IVFPQ,HNSW,ACORN,SeRF,DSG,WST_vamana,WST_opt,UNIFY,UNIFY_hybrid,iRangeGraph,Selectivity
1,212.73827578406568,1,1,1,1,1.0,2598.12861576116,1,1349.063982,1,2354.0,0.001
1,158.5815773700452,1,1,1,1,75.2247,1.0,1,146.228416,1,234.155,0.01
1,1.0,1,1,1,1,1.0,1.0,1,1.0,1,1.0,0.1
1,1.0,1,1,1,1,1.0,1.0,1,1.0,1,1.0,0.5
