Milvus_IVFPQ,Milvus_HNSW,IVFPQ,HNSW,ACORN,SeRF,DSG,WST_vamana,WST_opt,UNIFY,UNIFY_hybrid,iRangeGraph,Selectivity
78.54459408568704,291.99119993677186,120.613,1.0,1.0,1.0,330.1851,3525.987011454172,2703.6695754469933,1970.319666,636.069879,9655.96,0.001
90.36090433498048,171.15646205537735,358.333,589.388,789.099,4892.0,2238.7221,1514.2234446967443,1750.3849086191278,146.688633,1328.780368,5393.87,0.01
88.58779744309919,93.06785653647644,399.14,1378.516,1263.274,4021.0,1062.7371,920.7475577042304,966.0679076706866,3298.461097,4266.342473,4352.62,0.1
85.69152222256109,108.14000994888174,378.961,2773.843,1040.317,3047.0,1089.3539,584.5724178723086,1028.1284780163628,586.661523,1661.566126,3172.82,0.5
