Milvus_IVFPQ,Milvus_HNSW,IVFPQ,HNSW,ACORN,Selectivity
4.076947746344305,229.8911685075829,6.609,1.0,1.0,0.001
3.7435599897154312,184.88757560732225,15.367,1.0,155.617,0.01
3.7006540701709616,22.613659089736014,11.1,118.772,244.812,0.1
3.3189397663698155,28.267271895228472,5.518,221.165,133.122,0.5
