Milvus_IVFPQ,Milvus_HNSW,IVFPQ,HNSW,ACORN,DiskANN,DiskANN_Stitched,NHQ_kgraph,NHQ_nsw,Selectivity
95.7438593177692,104.87748136194809,127.566,1.0,1.0,1.0,1127.58,1.0,1.0,0.001
100.98535931581289,117.27403278527326,146.479,237.677,224.832,1.0,1.0,2138.48,1.0,0.01
148.9155239000809,103.59184721702212,281.542,540.22,411.161,1.0,1.0,4573.71,1.0,0.1
119.53704838420082,96.7394524851588,195.642,581.903,577.525,1176.94,1.0,4552.2,2653.76,0.5
