Milvus_IVFPQ,Milvus_HNSW,IVFPQ,HNSW,ACORN,DiskANN,DiskANN_Stitched,NHQ_kgraph,NHQ_nsw,Selectivity
61.70054035311375,156.94633985323273,1.0,1.0,1.0,1.0,127.22,1.0,1.0,0.001
99.44370118523771,157.36782289840676,1.0,1.0,145.089,1.0,1.0,1270.67,1.0,0.01
71.08455648138862,149.15859348875688,178.924,175.664,208.746,1.0,1.0,1441.55,1.0,0.1
61.04560082675543,117.9641528928938,101.354,385.709,291.483,172.34,1.0,1670.52,1670.68,0.5
