Milvus_IVFPQ,Milvus_HNSW,IVFPQ,HNSW,ACORN,Selectivity
4.841058435721684,270.54654497529987,1.0,1.0,1.0,0.001
6.707834027493752,206.23968796397185,61.116,1.0,373.849,0.01
6.733836736707604,36.5770248996122,102.831,564.405,305.79,0.1
7.406231959472094,56.3348315266383,83.486,984.881,290.015,0.5
