Milvus_IVFPQ,Milvus_HNSW,IVFPQ,HNSW,ACORN,SeRF,DSG,WST_vamana,WST_opt,UNIFY,UNIFY_hybrid,iRangeGraph,Selectivity
1.0,85.76588079432801,1.0,1.0,1.0,1,1.0,211.49787754016813,151.02165967118717,1,22.480289,1903.0,0.001
40.63729987632478,70.99143258646501,1.0,1.0,73.128,1,775.0676,93.79765241805434,115.63395048807251,1,174.741794,1632.74,0.01
46.02022083981652,100.57465882903642,108.034,224.156,150.025,1,515.7629,41.14141342408797,91.58976611872492,1,365.172173,285.49,0.1
43.01168413136132,100.51434114427968,75.894,349.661,147.379,1,216.2342,25.541943275180383,77.09483428672058,1,271.00953,235.25,0.5
