Milvus_IVFPQ,Milvus_HNSW,IVFPQ,HNSW,ACORN,Selectivity
153.3770990017019,326.56431089082724,82.121,1.0,1.0,0.001
174.13355622916546,302.4928108533651,138.625,357.985,369.604,0.01
116.9911326339978,344.25999434203663,202.991,787.29,494.102,0.1
115.33091547706,289.87540932776614,212.627,1707.142,350.802,0.5
