Milvus_IVFPQ,Milvus_HNSW,IVFPQ,HNSW,ACORN,SeRF,DSG,WST_vamana,WST_opt,UNIFY,UNIFY_hybrid,iRangeGraph,Selectivity
30.068453666076174,85.76588079432801,1.0,1.0,1.0,1,1.0,211.49787754016813,151.02165967118717,1,39.052903,1903.0,0.001
49.62641219755682,70.99143258646501,92.013,1.0,111.486,1,1269.369,93.79765241805434,115.63395048807251,1,174.741794,1632.74,0.01
51.897433530643326,100.57465882903642,137.947,271.789,280.727,1,765.1293,41.14141342408797,91.58976611872492,1,365.172173,285.49,0.1
50.28621663597741,100.51434114427968,128.585,349.661,205.124,1,499.9131,25.541943275180383,77.09483428672058,1,271.00953,544.868,0.5
