Milvus_IVFPQ,Milvus_HNSW,IVFPQ,HNSW,ACORN,SeRF,WST_vamana,WST_opt,UNIFY,UNIFY_hybrid,DSG,iRangeGraph,Selectivity
1,1,143.971,1.0,1.0,1,2598.12861576116,1307.6325161752457,1349.063982,28.694522,1.0,6811.55,0.001
1,1,199.911,1.0,429.433,1,997.9968936802276,764.7786221175962,146.228416,782.157524,249.8015,3530.03,0.01
1,1,121.926,541.784,471.694,1,219.2909677230124,652.9528078547426,1820.17995,1880.001657,92.6371,1667.57,0.1
1,1,32.441,833.547,324.908,1,105.01616916463011,505.4154034557183,365.628493,1715.027075,59.4485,1223.06,0.5
