Milvus_IVFPQ,Milvus_HNSW,IVFPQ,HNSW,ACORN,DiskANN,DiskANN_Stitched,NHQ_kgraph,NHQ_nsw,Selectivity
1,156.94633985323273,1,1.0,1.0,1,1,1.0,1.0,0.001
1,157.36782289840676,1,1.0,38.061,1,1,1.0,1.0,0.01
1,149.15859348875688,1,112.122,109.609,1,1,570.622,1.0,0.1
1,117.9641528928938,1,167.087,82.33,1,1,536.018,700.257,0.5
