Milvus_IVFPQ,Milvus_HNSW,IVFPQ,HNSW,ACORN,DiskANN,DiskANN_Stitched,NHQ_kgraph,NHQ_nsw,Selectivity
47.615024523803065,204.04375982622184,6.571,1.0,1.0,1,673.66,1.0,1.0,0.001
37.87117603053994,93.95657074860532,15.365,1.0,153.226,1,326.03,515.914,1.0,0.01
16.395964224760238,121.59498667447136,11.577,87.692,240.432,1,90.72,345.341,316.776,0.1
7.222006139163578,117.96707853412188,5.524,165.68,124.055,1,54.38,174.562,128.842,0.5
