Milvus_IVFPQ,Milvus_HNSW,IVFPQ,HNSW,ACORN,Selectivity
203.51901870145025,326.56431089082724,109.33,1.0,1.0,0.001
222.85824493797503,302.4928108533651,363.73,398.701,570.433,0.01
116.9911326339978,357.17449298139974,440.275,804.78,1253.61,0.1
115.33091547706,300.3146552516991,331.026,2447.323,598.298,0.5
