Milvus_IVFPQ,Milvus_HNSW,IVFPQ,HNSW,ACORN,Selectivity
1.0,67.60735215383234,1.0,1.0,1.0,0.001
26.12717935954276,50.876196978657646,1.0,1.0,1.0,0.01
34.018298221018675,36.9858215367975,58.417,126.957,65.002,0.1
35.735981504921455,53.927839987674176,38.341,214.149,89.702,0.5
