Milvus_IVFPQ,Milvus_HNSW,IVFPQ,HNSW,ACORN,DiskANN,DiskANN_Stitched,NHQ_kgraph,NHQ_nsw,Selectivity
47.06219907902294,78.56650710767057,1.0,1.0,1.0,1,398.28,1.0,1.0,0.001
75.45764447429708,81.20526551143969,54.955,1.0,1.0,1,290.9,1.0,1.0,0.01
74.0195972251362,49.74393909853316,96.359,103.694,1.0,1,205.43,1119.79,19.3342,0.1
37.994039703500825,57.50490779577441,90.776,282.862,202.284,1,201.01,1245.46,777.008,0.5
