Milvus_IVFPQ,Milvus_HNSW,IVFPQ,HNSW,ACORN,Selectivity
100.7910042498448,112.23100323506635,63.928,1.0,1.0,0.001
120.1951051004936,117.36084999002114,146.066,173.353,90.558,0.01
101.3067671655504,166.0657566318338,191.93,355.504,145.914,0.1
75.6407320519045,125.07773551632336,139.093,403.241,254.948,0.5
