Milvus_IVFPQ,Milvus_HNSW,IVFPQ,HNSW,ACORN,SeRF,WST_vamana,WST_opt,UNIFY,UNIFY_hybrid,DSG,iRangeGraph,Selectivity
1.0,141.07964510351408,1,1.0,1.0,1.0,2647.600276431349,2380.14073704336,212.611798,1.0,1.0,3645.01,0.001
120.86362935673122,64.8114237761635,1,81.139,80.029,1.0,668.2140686082481,1401.9104642557627,607.085289,929.413934,444.9449,2167.53,0.01
1.0,127.64775289390704,1,313.144,214.041,577.0,694.9718421763416,1850.6084791170176,1419.475896,1217.242897,242.1729,1089.23,0.1
1.0,78.65997527213896,1,396.437,128.976,194.0,493.8366029367703,923.0179999231534,501.724208,1215.19039,129.3826,894.744,0.5
