Milvus_IVFPQ,Milvus_HNSW,IVFPQ,HNSW,ACORN,DiskANN,DiskANN_Stitched,NHQ_kgraph,NHQ_nsw,Selectivity
108.20793963745176,348.1988813016441,34.291,1.0,1.0,1,9219.86,1,1,0.001
118.07153644756448,82.32451291027922,86.556,1.0,1.0,1,1.0,1,1,0.01
68.75254021936578,93.0290576515667,44.374,1.0,179.096,1,1.0,1,1,0.1
24.26177139325913,79.53993340809266,14.771,100.459,1.0,1,1.0,1,1,0.5
