Milvus_IVFPQ,Milvus_HNSW,IVFPQ,HNSW,ACORN,SeRF,DSG,WST_vamana,WST_opt,UNIFY,UNIFY_hybrid,iRangeGraph,Selectivity
10.745643946883211,291.99119993677186,44.262,1.0,1.0,1.0,1.0,3525.987011454172,2703.6695754469933,1970.319666,437.828122,9168.67,0.001
13.693373005620549,171.15646205537735,131.465,316.426,227.781,1.0,4323.8587,1514.2234446967443,1750.3849086191278,146.688633,1283.426924,4556.69,0.01
33.69428590209841,93.06785653647644,168.834,1056.974,535.543,2440.0,1991.3646,920.7475577042304,966.0679076706866,2254.293745,1831.131209,2112.85,0.1
85.69152222256109,108.14000994888174,170.193,1275.476,446.072,1394.0,874.8455,517.2997013408919,1028.1284780163628,268.334894,2247.867949,1753.11,0.5
