Milvus_IVFPQ,Milvus_HNSW,IVFPQ,HNSW,ACORN,DiskANN,DiskANN_Stitched,NHQ_kgraph,NHQ_nsw,Selectivity
35.91514004525776,218.6666107232131,1.0,1.0,1.0,1.0,748.35,1.0,1.0,0.001
87.00047912964042,171.5391739838186,97.829,1.0,306.797,1.0,470.32,1.0,1.0,0.01
67.0576452632557,170.55289533829037,202.991,362.947,382.96,1.0,270.53,1757.98,798.459,0.1
23.97749795911201,71.10860059017827,212.627,783.963,285.227,138.36,251.09,1582.7,1286.41,0.5
