Milvus_IVFPQ,Milvus_HNSW,IVFPQ,HNSW,ACORN,Selectivity
39.19637968105014,98.44894414998814,70.424,1.0,1.0,0.001
54.04756963769111,74.08933613787131,132.929,274.494,165.788,0.01
55.776457522699545,76.48785299722316,185.635,607.811,331.528,0.1
59.77921439118729,89.31734084478187,133.294,580.645,321.463,0.5
