Milvus_IVFPQ,Milvus_HNSW,IVFPQ,HNSW,ACORN,DiskANN,DiskANN_Stitched,NHQ_kgraph,NHQ_nsw,Selectivity
179.19716865411075,348.1988813016441,130.296,1.0,1.0,1,9219.86,1.0,1.0,0.001
134.03832681416546,247.47539114090512,209.473,1.0,536.395,1,3131.81,876.206,1.0,0.01
68.75254021936578,252.36667768078524,117.491,619.598,756.612,1,1217.14,1501.28,1093.73,0.1
38.30916934295367,213.81030775538736,39.789,850.322,267.321,1,976.58,1124.2,329.788,0.5
