Milvus_IVFPQ,Milvus_HNSW,IVFPQ,HNSW,ACORN,Selectivity
9.626660539578385,242.4253913926844,12.904,1,1.0,0.001
11.794563683057136,206.28528933706048,24.029,1,1.0,0.01
13.98034358167348,1.0,27.792,1,217.232,0.1
16.889045327399387,1.0,16.222,1,1.0,0.5
