Milvus_IVFPQ,Milvus_HNSW,IVFPQ,HNSW,ACORN,Selectivity
7.213158548431852,89.96728281094323,1.0,1.0,1.0,0.001
9.035396319278863,214.2609408373199,61.218,1.0,261.311,0.01
10.73508571782705,83.11770387232079,100.018,1060.432,469.614,0.1
14.648911589456477,108.67180766071698,81.376,1027.804,171.757,0.5
