Milvus_IVFPQ,Milvus_HNSW,IVFPQ,HNSW,ACORN,DiskANN,DiskANN_Stitched,NHQ_kgraph,NHQ_nsw,Selectivity
1.0,78.56650710767057,1.0,1.0,1.0,1,398.28,1.0,1.0,0.001
52.43867243221379,81.20526551143969,1.0,1.0,1.0,1,227.66,1.0,1.0,0.01
54.22150774985915,48.56846887543597,49.124,85.397,1.0,1,115.94,544.402,1.0,0.1
28.06462665719236,57.50490779577441,37.503,208.828,139.18,1,108.05,311.651,33.7363,0.5
