Milvus_IVFPQ,Milvus_HNSW,IVFPQ,HNSW,ACORN,SeRF,DSG,WST_vamana,WST_opt,UNIFY,UNIFY_hybrid,iRangeGraph,Selectivity
1,1.0,1.0,1.0,1.0,1.0,1.0,4352.540614022799,516.660464069867,1407.457265,40.798531,1,0.001
1,1.0,39.6,1.0,252.045,737.0,1987.1582,829.965577525623,326.24155510581977,142.665853,182.55136,1,0.01
1,1.0,118.529,335.229,304.349,1266.0,791.2153,330.6475019164774,217.5476800750592,663.413099,535.080138,1,0.1
1,87.99353441672811,223.187,675.953,289.151,1014.0,564.0737,201.44046387694408,147.66927059417262,48.738771,430.119026,1,0.5
