Milvus_IVFPQ,Milvus_HNSW,IVFPQ,HNSW,ACORN,Selectivity
11.907516388031349,89.96728281094323,63.268,1.0,1.0,0.001
15.112651830737915,214.2609408373199,195.137,359.269,562.535,0.01
18.073390166219315,83.11770387232079,284.871,1335.195,841.793,0.1
21.220464795166876,108.67180766071698,233.092,1027.804,319.612,0.5
