Milvus_IVFPQ,Milvus_HNSW,IVFPQ,HNSW,ACORN,Selectivity
29.179397003907894,39.21048711060445,1.0,1.0,1.0,0.001
28.450796093933743,64.40908812764195,105.101,1.0,176.237,0.01
47.846179799434246,81.10007068227061,155.711,386.872,241.768,0.1
26.472328500083076,96.88617759280169,94.276,524.137,239.748,0.5
