Milvus_IVFPQ,Milvus_HNSW,IVFPQ,HNSW,ACORN,SeRF,DSG,WST_vamana,WST_opt,UNIFY,UNIFY_hybrid,iRangeGraph,Selectivity
55.3213416990708,141.07964510351408,1.0,1.0,1.0,1.0,1.0,4224.83647069003,3937.6111304086594,391.274955,367.168502,4005.28,0.001
111.92623535752568,64.8114237761635,125.482,129.061,201.408,1614.0,2063.3004,785.7351118858907,2930.086728891684,72.062727,833.263486,2605.28,0.01
70.03369171209329,83.88218333705527,158.663,207.475,382.521,1038.0,659.5002,1151.1094639479106,2100.813402638789,3229.981917,2189.133135,1526.17,0.1
67.18943337588372,73.8077015348137,80.828,477.184,391.166,1062.0,362.253,493.8366029367703,1907.0116837601763,540.859719,1549.364727,1855.81,0.5
