Milvus_IVFPQ,Milvus_HNSW,IVFPQ,HNSW,ACORN,DiskANN,DiskANN_Stitched,NHQ_kgraph,NHQ_nsw,Selectivity
1.0,104.87748136194809,83.984,1.0,1.0,1.0,326.79,1.0,1.0,0.001
1.0,117.27403278527326,1.0,205.485,124.03,1.0,1.0,1.0,1.0,0.01
1.0,103.59184721702212,162.152,507.546,213.468,1.0,1.0,4573.71,1.0,0.1
45.57514948752672,95.29570496239772,83.999,563.984,401.323,513.09,1.0,3386.47,1891.98,0.5
