Milvus_IVFPQ,Milvus_HNSW,IVFPQ,HNSW,ACORN,SeRF,DSG,WST_vamana,WST_opt,UNIFY,UNIFY_hybrid,iRangeGraph,Selectivity
32.872857481246804,43.90630204139625,1.0,1.0,1.0,1,1.0,3326.1420175562207,2311.99060586245,390.216106,201.531578,1944.95,0.001
38.30821497592197,39.88733741329855,1.0,1.0,40.823,1,597.3506,1148.3509927642704,2051.221760271614,65.171343,650.236583,1832.48,0.01
48.82547409192705,36.18565337381664,82.649,285.41,157.601,1,317.7096,622.4993210366323,1660.2624790023092,1018.560524,1126.90969,1021.19,0.1
45.33865969420584,37.621768393144656,41.309,497.991,140.582,1,180.5216,450.3288203577851,1553.2404954885412,1159.910663,978.03277,913.123,0.5
