Milvus_IVFPQ,Milvus_HNSW,IVFPQ,HNSW,ACORN,Selectivity
1,98.44894414998814,1,1.0,1,0.001
1,74.08933613787131,1,1.0,1,0.01
1,76.28691739998835,1,1.0,1,0.1
1,81.28476826774975,1,290.079,1,0.5
