Milvus_IVFPQ,Milvus_HNSW,IVFPQ,HNSW,ACORN,DiskANN,DiskANN_Stitched,NHQ_kgraph,NHQ_nsw,Selectivity
100.7910042498448,112.23100323506635,63.928,1.0,1.0,1.0,4682.81,1.0,1.0,0.001
120.1951051004936,117.36084999002114,146.066,173.353,90.558,1.0,1608.65,1.0,1.0,0.01
101.3067671655504,166.0657566318338,191.93,355.504,145.914,1.0,1098.56,2435.52,294.836,0.1
75.6407320519045,125.07773551632336,139.093,311.795,254.948,206.58,1761.6,1706.16,777.008,0.5
