Milvus_IVFPQ,Milvus_HNSW,IVFPQ,HNSW,ACORN,DiskANN,DiskANN_Stitched,NHQ_kgraph,NHQ_nsw,Selectivity
153.3770990017019,326.56431089082724,82.121,1.0,1.0,1.0,9880.16,1.0,1.0,0.001
174.13355622916546,302.4928108533651,138.625,357.985,369.604,1.0,3413.24,1.0,1.0,0.01
116.9911326339978,344.25999434203663,191.108,787.29,494.102,1.0,1822.24,2630.7,1.0,0.1
115.33091547706,289.87540932776614,172.214,1707.142,350.802,808.95,1580.73,3311.0,1571.98,0.5
