Milvus_IVFPQ,Milvus_HNSW,IVFPQ,HNSW,ACORN,Selectivity
7.427870539888071,242.4253913926844,6.62,1,1,0.001
9.135211357744328,206.28528933706048,12.038,1,1,0.01
8.673372183276113,1.0,11.44,1,1,0.1
9.082865207412,1.0,4.965,1,1,0.5
