Milvus_IVFPQ,Milvus_HNSW,IVFPQ,HNSW,ACORN,DiskANN,DiskANN_Stitched,NHQ_kgraph,NHQ_nsw,Selectivity
1,78.56650710767057,1,1.0,1,1,288.63,1,1.0,0.001
1,78.35813486840676,1,1.0,1,1,89.52,1,1.0,0.01
1,46.04898458671372,1,43.711,1,1,47.15,1,1.0,0.1
1,54.58307419693397,1,116.831,1,1,31.65,1,20.1202,0.5
