Milvus_IVFPQ,Milvus_HNSW,IVFPQ,HNSW,ACORN,DiskANN,DiskANN_Stitched,NHQ_kgraph,NHQ_nsw,Selectivity
132.36500214613633,112.23100323506635,1.0,1.0,1.0,1.0,4682.81,1.0,1.0,0.001
162.99430088636865,118.99721534071382,260.605,1.0,187.586,1.0,2769.52,2058.01,1.0,0.01
176.61712067711292,169.88439176255216,274.187,456.646,558.919,1.0,1710.28,3608.62,607.556,0.1
101.4760378826094,129.6768665681441,279.971,364.362,254.948,440.81,2653.91,4099.72,1243.88,0.5
