Milvus_IVFPQ,Milvus_HNSW,IVFPQ,HNSW,ACORN,DiskANN,DiskANN_Stitched,NHQ_kgraph,NHQ_nsw,Selectivity
1,104.87748136194809,1,1.0,1.0,1.0,1,1.0,1.0,0.001
1,117.06164003538991,1,105.282,63.411,1.0,1,1.0,1.0,0.01
1,102.96472936408408,1,349.759,213.468,1.0,1,2411.56,1.0,0.1
1,95.29570496239772,1,316.494,134.202,228.35,1,1631.73,1050.47,0.5
