Milvus_IVFPQ,Milvus_HNSW,IVFPQ,HNSW,ACORN,SeRF,WST_vamana,WST_opt,UNIFY,UNIFY_hybrid,DSG,iRangeGraph,Selectivity
1.0,291.99119993677186,1,1.0,1.0,1.0,3525.987011454172,2703.6695754469933,1970.319666,1.0,1.0,3835.02,0.001
1.0,171.15646205537735,1,1.0,1.0,1.0,1389.703678269741,1750.3849086191278,147.74183,1.0,832.7046,2804.19,0.01
1.0,93.06785653647644,1,577.064,396.843,1.0,633.3772759194638,966.0679076706866,1564.481489,1727.72849,399.2941,2112.85,0.1
12.012894411981502,108.14000994888174,1,1038.984,210.226,215.0,305.203256129904,1028.1284780163628,268.334894,1645.833768,282.2429,1293.55,0.5
