Milvus_IVFPQ,Milvus_HNSW,IVFPQ,HNSW,ACORN,Selectivity
1,39.21048711060445,1,1.0,1.0,0.001
1,64.40908812764195,1,1.0,1.0,0.01
1,81.10007068227061,1,301.355,170.313,0.1
1,96.88617759280169,1,238.219,119.609,0.5
