Milvus_IVFPQ,Milvus_HNSW,IVFPQ,HNSW,ACORN,DiskANN,DiskANN_Stitched,NHQ_kgraph,NHQ_nsw,Selectivity
52.18948199892501,156.94633985323273,1,1.0,1.0,1.0,63.48,1.0,1.0,0.001
78.73802435035893,157.36782289840676,1,1.0,78.918,1.0,1.0,1.0,1.0,0.01
71.08455648138862,149.15859348875688,1,131.919,167.8,1.0,1.0,1441.55,1.0,0.1
61.04560082675543,117.9641528928938,1,301.604,168.782,93.84,1.0,866.606,1078.57,0.5
