Milvus_IVFPQ,Milvus_HNSW,IVFPQ,HNSW,ACORN,SeRF,DSG,WST_vamana,WST_opt,UNIFY,UNIFY_hybrid,iRangeGraph,Selectivity
26.504493369591632,43.90630204139625,165.532,1.0,1.0,1.0,386.2318,3326.1420175562207,2311.99060586245,390.216106,201.531578,3816.76,0.001
26.2840817784856,39.88733741329855,287.238,85.283,228.558,2283.0,1200.8327,2556.4087948716574,2787.965900211083,65.171343,1623.645125,3001.57,0.01
25.876494816750792,36.18565337381664,558.098,511.111,981.176,1935.0,779.6644,1456.2770278394362,2147.6437488280726,4784.086685,4752.959761,2678.42,0.1
21.21170692403536,37.621768393144656,347.988,705.389,342.204,1984.0,701.1644,959.440104567274,2035.2050395671663,4408.900625,3937.550876,2642.65,0.5
