Milvus_IVFPQ,Milvus_HNSW,IVFPQ,HNSW,ACORN,Selectivity
9.626660539578385,242.4253913926844,16.021,1.0,1.0,0.001
14.30799914088637,206.28528933706048,39.16,99.246,157.088,0.01
20.754659194367058,36.128816982444526,39.387,257.478,323.823,0.1
16.889045327399387,1.0,32.44,398.408,98.51,0.5
