Milvus_IVFPQ,Milvus_HNSW,IVFPQ,HNSW,ACORN,SeRF,DSG,WST_vamana,WST_opt,UNIFY,UNIFY_hybrid,iRangeGraph,Selectivity
1,100.86133933770545,1,1.0,1.0,1,1.0,194.86868946426983,132.4922155251149,325.112273,1,1976.07,0.001
1,60.1225822353668,1,1.0,51.937,1,401.843,85.51007956415512,109.9302304474897,36.05486,1,1123.78,0.01
1,48.64668254703743,1,155.143,144.446,1,243.8733,47.659143837312186,85.32612925407325,223.081425,1,1032.08,0.1
1,76.44710752557108,1,324.138,230.394,1,182.9101,33.36239609968627,80.55157304312327,618.501505,1,810.383,0.5
