Milvus_IVFPQ,Milvus_HNSW,IVFPQ,HNSW,ACORN,SeRF,DSG,WST_vamana,WST_opt,UNIFY,UNIFY_hybrid,iRangeGraph,Selectivity
1,291.99119993677186,1,1.0,1.0,1.0,1.0,3525.987011454172,2703.6695754469933,1970.319666,437.828122,3835.02,0.001
1,171.15646205537735,1,1.0,1.0,1.0,832.7046,1389.703678269741,1750.3849086191278,146.688633,1.0,2804.19,0.01
1,93.06785653647644,1,577.064,396.843,1.0,399.2941,633.3772759194638,966.0679076706866,1460.037842,1316.47307,2112.85,0.1
1,108.14000994888174,1,1038.984,210.226,954.0,323.8623,305.203256129904,1028.1284780163628,268.334894,1.0,1293.55,0.5
