Milvus_IVFPQ,Milvus_HNSW,IVFPQ,HNSW,ACORN,Selectivity
9.640186381824645,89.96728281094323,34.119,1.0,1.0,0.001
13.110493380519362,214.2609408373199,136.965,1.0,453.607,0.01
15.041094540169688,83.11770387232079,260.058,1060.432,701.534,0.1
21.220464795166876,108.67180766071698,167.64,1027.804,241.987,0.5
