Milvus_IVFPQ,Milvus_HNSW,IVFPQ,HNSW,ACORN,SeRF,DSG,WST_vamana,WST_opt,UNIFY,UNIFY_hybrid,iRangeGraph,Selectivity
20.04558477191957,212.73827578406568,68.32,1.0,1.0,1,1.0,2598.12861576116,1,1349.063982,74.915285,4323.87,0.001
12.122200173308366,158.5815773700452,82.123,1.0,47.749,1,273.4076,397.79275733158863,1,146.228416,132.052598,817.034,0.01
14.388790174423638,14.8723039556679,48.307,1.0,184.95,1,58.3857,1.0,1,1.0,1.0,190.959,0.1
12.776213309380209,1.0,12.474,94.818,37.423,1,35.8298,1.0,1,193.029624,1.0,98.5534,0.5
