Milvus_IVFPQ,Milvus_HNSW,IVFPQ,HNSW,ACORN,DiskANN,DiskANN_Stitched,NHQ_kgraph,NHQ_nsw,Selectivity
238.33702817028703,326.56431089082724,163.331,1.0,1.0,1.0,9880.16,1.0,1.0,0.001
222.85824493797503,302.4928108533651,370.111,484.092,1029.13,1.0,3413.24,2576.57,1.0,0.01
116.9911326339978,359.8806717381739,440.275,804.78,1715.684,1.0,1822.24,4881.17,1113.32,0.1
115.33091547706,300.3146552516991,331.026,4142.635,1004.158,2105.08,1580.73,3773.71,3311.83,0.5
