Milvus_IVFPQ,Milvus_HNSW,IVFPQ,HNSW,ACORN,DiskANN,DiskANN_Stitched,NHQ_kgraph,NHQ_nsw,Selectivity
1,326.56431089082724,1,1.0,1.0,1.0,9880.16,1.0,1.0,0.001
1,291.6620030089215,1,1.0,113.154,1.0,3413.24,1.0,1.0,0.01
1,328.98817779526047,1,457.678,470.272,1.0,1307.97,476.15,542.725,0.1
1,269.57807712929747,1,1010.19,226.839,238.97,1574.53,1043.26,941.717,0.5
