Milvus_IVFPQ,Milvus_HNSW,IVFPQ,HNSW,ACORN,Selectivity
33.57708968581163,39.21048711060445,56.941,1.0,1.0,0.001
33.96426272719708,64.40908812764195,230.241,199.583,207.712,0.01
56.13791528750486,81.10007068227061,236.209,710.559,279.207,0.1
30.9233756581437,96.88617759280169,204.073,344.495,459.087,0.5
