Milvus_IVFPQ,Milvus_HNSW,IVFPQ,HNSW,ACORN,SeRF,DSG,WST_vamana,WST_opt,UNIFY,UNIFY_hybrid,iRangeGraph,Selectivity
1,198.60566954129663,51.954,1.0,1.0,1,1.0,2585.822397455745,438.7075520280009,981.549448,1,1915.42,0.001
1,185.80673568022743,90.77,1.0,162.646,1,236.5816,374.8861401634508,124.5027216640641,105.992708,1,806.113,0.01
1,29.48895220692185,92.987,98.178,222.732,1,94.5044,120.47217752961684,94.5853445187438,281.264856,1,570.515,0.1
1,36.26399051150995,42.418,184.633,140.825,1,60.3327,1.0,1.0,38.184107,1,316.902,0.5
