Milvus_IVFPQ,Milvus_HNSW,IVFPQ,HNSW,ACORN,SeRF,WST_vamana,WST_opt,UNIFY,UNIFY_hybrid,DSG,iRangeGraph,Selectivity
1.0,141.07964510351408,206.028,1.0,1.0,1.0,4224.83647069003,2380.14073704336,212.611798,1.0,829.0794,6293.4,0.001
121.18735281058376,64.8114237761635,342.186,310.822,494.104,4881.0,785.7351118858907,1401.9104642557627,607.085289,929.413934,1415.5897,4002.29,0.01
121.56915811457212,127.64775289390704,458.26,576.413,965.448,3202.0,1501.3146647373153,1850.6084791170176,7286.227943,6516.651604,1152.0456,3402.01,0.1
114.55509175061228,82.1320847738361,394.281,690.281,391.166,2378.0,1092.176590540046,1523.5854013610074,952.774457,5612.473293,611.835,3414.31,0.5
