Milvus_IVFPQ,Milvus_HNSW,IVFPQ,HNSW,ACORN,SeRF,DSG,WST_vamana,WST_opt,UNIFY,UNIFY_hybrid,iRangeGraph,Selectivity
1.0,141.07964510351408,1,1.0,1.0,1.0,1.0,2647.600276431349,3937.6111304086594,391.274955,197.742433,3645.01,0.001
111.92623535752568,64.8114237761635,1,130.29,71.153,1.0,368.7743,668.2140686082481,2930.086728891684,72.062727,929.413934,2015.31,0.01
1.0,83.50719566123442,1,184.672,214.041,577.0,226.5636,694.9718421763416,1364.975516021142,1396.041985,1217.242897,1089.23,0.1
1.0,73.8077015348137,1,306.481,128.976,194.0,129.3826,493.8366029367703,911.6180978678246,372.093198,1215.19039,894.744,0.5
