Milvus_IVFPQ,Milvus_HNSW,IVFPQ,HNSW,ACORN,Selectivity
1.0,98.44894414998814,1,1.0,1.0,0.001
39.14735833769598,74.08933613787131,1,1.0,48.751,0.01
46.40847389267695,76.48785299722316,1,387.812,163.901,0.1
47.695027936526046,89.12152297601051,1,580.645,143.397,0.5
