Milvus_IVFPQ,Milvus_HNSW,IVFPQ,HNSW,ACORN,Selectivity
149.3237500399494,348.1988813016441,57.509,1.0,1.0,0.001
134.03832681416546,144.30747134869117,118.337,87.37,44.201,0.01
72.57714384728261,157.71890585246572,117.491,291.647,362.351,0.1
69.05116329400849,161.43459676167964,42.518,329.062,100.021,0.5
